ID,Predicted_Class
2228,e
6648,p
5917,e
6761,p
3100,e
4263,p
2539,p
1257,e
2670,e
4876,e
2585,e
2546,e
6715,p
5618,p
4708,p
549,e
4938,p
5136,p
6310,p
3250,e
786,e
1285,e
5638,e
5219,e
789,e
6198,p
7123,e
7293,e
2834,e
3924,e
6783,p
6207,p
5563,e
4227,p
194,e
7437,e
2250,e
6972,p
6528,p
5045,p
6590,p
1047,p
4550,p
2820,e
68,e
3270,p
1557,e
5909,p
637,e
3379,p
7363,p
6483,p
2084,e
7626,e
7394,p
7926,p
1162,e
4328,p
2179,e
2358,e
6098,p
5365,p
5023,e
5791,p
6685,p
7738,p
7930,p
1469,e
6391,p
6068,e
5213,p
7605,p
3772,e
6702,p
3664,e
48,e
5799,p
1042,e
283,e
2463,e
5303,p
502,e
572,e
6885,p
7036,e
7162,e
8029,e
1592,e
2435,e
738,e
6568,p
3050,e
3595,e
2236,e
320,e
7028,p
5556,e
807,e
6153,p
4800,p
1067,e
916,e
6646,p
3907,p
6434,e
3972,e
6941,e
3600,e
4690,p
4366,p
4192,p
5684,p
4669,p
3587,e
7594,p
5012,p
7344,e
3254,e
3267,e
269,p
5983,p
34,e
7050,e
3607,p
1052,e
3464,e
3477,p
5332,p
3482,e
1449,e
3141,p
4693,p
2605,p
2220,e
4112,p
6787,p
629,e
7961,p
6596,p
2985,e
3692,p
6795,p
7356,p
5738,p
1368,e
6141,p
3146,e
3228,e
4931,e
781,e
5860,p
3265,p
7554,p
253,e
7202,e
6640,p
2639,e
6127,p
2999,e
7675,p
1913,e
918,e
1927,e
377,e
4076,e
2619,e
2317,e
4858,e
6395,p
4105,e
7597,e
3305,e
7685,e
7903,p
6465,p
4467,p
2403,e
6939,p
6639,p
2745,e
1253,p
1623,e
3801,p
6746,p
416,e
7454,p
8023,p
2711,e
2393,e
4354,p
373,e
1984,e
3291,e
7426,p
3985,p
6683,p
3110,p
2529,e
2332,e
692,e
3593,e
2396,e
2077,e
6188,p
3440,e
7539,p
6718,p
359,e
799,e
6619,p
3949,p
7864,p
3283,e
6735,p
5463,e
6641,p
1260,p
1519,e
5261,p
5173,p
274,e
2062,e
6191,p
6895,p
3342,e
710,e
7286,p
1272,p
863,e
6309,p
6879,p
6031,p
5339,p
348,e
6168,p
3125,e
6308,p
3356,e
5847,e
1429,p
1186,e
7046,e
242,e
7272,p
3219,e
2531,e
5227,p
6591,p
213,e
5940,p
6186,p
2086,e
7165,p
7292,e
2992,e
3693,e
6585,p
3637,e
2402,e
321,e
3007,e
865,e
7438,p
2771,e
2913,e
5707,p
164,e
6019,p
1699,e
1486,e
7006,p
3292,p
4104,p
7682,e
806,e
7760,p
7862,p
4797,p
2947,e
3500,p
7869,p
2995,e
6952,e
5225,p
2540,p
340,e
5885,p
3578,e
6075,p
712,e
3978,p
5880,p
5837,p
2696,e
4571,p
1731,p
4624,p
1446,e
3520,e
5160,p
8059,p
675,e
519,e
5507,p
7486,e
2926,p
6834,p
5839,e
5390,e
6070,p
2021,e
4295,p
4816,p
2821,e
3106,e
3901,p
1055,e
3349,p
7215,p
867,e
7105,p
6882,p
4346,p
1207,p
7168,p
301,e
3878,p
3829,p
1944,e
3649,p
4351,p
4937,p
3717,e
2098,p
6559,p
37,p
2014,e
5455,p
3830,e
6694,p
5344,e
8115,e
7799,p
3428,e
1413,e
1263,e
7860,e
6246,p
3673,e
5193,e
6617,p
3398,e
3970,p
1091,e
4325,p
4747,p
2206,e
5063,p
4,e
6775,p
6040,e
406,e
82,e
1107,e
425,e
6225,p
4068,e
6566,p
2847,e
4270,p
1452,e
775,e
1063,e
689,e
7154,p
709,e
1740,e
5053,e
6971,p
7181,e
8052,e
3547,p
2383,e
5367,p
2407,e
774,e
3559,p
4482,p
2281,e
6169,p
1745,p
3234,e
6922,p
7965,e
7546,p
5884,p
3327,p
5176,e
4733,p
5441,p
6510,p
4887,p
7689,e
1343,e
3975,p
3812,e
3589,e
3639,e
6522,p
6924,e
3143,e
4840,p
2101,e
3590,p
809,e
3361,e
5034,p
118,e
2740,e
5008,p
838,e
5919,p
1473,e
7453,p
4310,p
7431,p
2714,e
6580,p
2602,e
7996,e
8015,e
3572,p
1095,p
831,e
5337,p
6577,p
6824,p
968,e
3897,e
3928,e
7048,p
4032,p
976,e
3364,e
7693,p
3196,e
1350,e
2790,e
6785,p
5557,e
5896,p
6288,p
4649,p
6405,p
7077,p
3954,p
1928,e
3035,e
1576,e
6636,p
569,e
106,e
1734,p
3390,p
4787,p
7777,e
7254,p
6506,p
4748,p
1965,e
5577,p
2975,e
7958,e
7950,p
6541,p
5397,p
2227,e
5513,p
375,e
3929,p
5516,p
1023,e
6464,p
3735,e
1342,p
2982,e
4481,p
5370,p
2184,e
5052,e
2849,e
5030,p
5038,p
858,e
1995,e
6642,p
1792,e
6080,p
2251,e
6436,p
2774,e
1743,e
1891,e
6184,p
5349,p
5090,p
2698,e
188,e
3424,e
5157,p
4019,e
2966,e
6064,p
1381,e
7063,e
1301,e
5089,p
3385,e
7962,p
7343,p
180,p
7440,e
2404,e
3374,e
1639,e
6146,p
1347,e
3159,p
2394,e
3506,p
5448,p
1872,e
1209,e
2387,e
2288,p
1294,p
302,e
4180,p
1556,e
7391,e
7630,e
846,e
6431,p
2103,e
6902,p
1074,e
4615,p
2905,e
151,e
1188,e
6558,e
6347,p
526,e
1862,e
6027,p
3869,p
3382,e
3995,p
3420,e
3397,p
946,e
1920,e
2127,e
2226,e
441,e
6963,p
6758,p
6026,p
1255,e
2057,e
1613,p
1847,e
6505,p
3039,e
2923,e
7932,p
1996,e
4134,e
742,e
7884,p
350,e
8005,p
7177,p
1300,e
1578,e
3062,p
7891,p
136,e
6869,p
5268,p
673,e
711,e
6616,p
1479,e
2878,e
7024,p
3079,e
7987,p
8101,p
567,e
3695,e
6256,p
760,e
6222,p
5333,p
6484,p
4204,p
98,e
4588,p
7825,e
2855,e
4874,p
6,e
2357,e
2070,e
91,e
227,e
4702,p
6349,p
7928,p
2464,e
5469,p
1089,e
1929,e
7515,p
2840,e
7017,p
564,e
4502,p
1366,e
3834,p
6069,p
7273,e
6840,p
2579,e
4259,p
1887,p
2097,e
6429,p
704,e
2638,e
5783,p
1297,e
2528,e
4925,p
3545,e
4580,p
7880,p
1966,e
2522,e
4910,p
5178,e
7761,e
4637,p
1280,e
2211,e
5060,p
787,e
5973,p
6048,p
7759,e
3553,e
7216,p
4255,p
1820,e
4977,p
1158,e
7432,e
2996,e
2983,e
7377,e
6245,p
5049,p
4922,p
1354,e
6482,p
746,e
5458,p
3611,e
2318,e
2241,p
3213,e
2209,e
430,e
607,e
2284,e
7587,p
8078,e
691,e
1369,e
6622,p
6744,e
4312,p
4174,p
1910,e
1784,e
3009,p
24,e
4872,e
7555,e
7939,e
700,p
244,e
5732,e
3353,e
2807,e
386,e
447,e
6369,p
826,e
7080,p
4825,p
3786,e
5081,p
1642,e
2305,e
7645,p
6900,e
2289,e
2713,e
1625,p
4449,p
682,e
3302,e
765,e
2149,p
7261,p
6021,p
5272,p
3485,e
2728,e
1860,e
6452,p
4130,p
5927,p
531,e
3247,e
919,e
2822,e
39,e
885,e
7053,p
4389,p
2295,e
2150,e
2468,e
3702,e
2006,p
1591,e
1659,e
6385,p
4140,p
8110,e
6221,p
2688,e
1584,e
2197,e
3211,p
7366,e
1994,e
5282,p
5345,e
2909,e
5851,p
4392,p
2304,e
2181,e
4215,p
4751,p
3927,p
7412,e
1035,e
4625,p
2312,e
8013,e
1283,e
6524,p
3368,e
1206,e
626,e
7697,p
1638,e
874,e
6106,p
5271,e
4805,p
7504,p
6741,p
4056,p
298,e
4138,e
2653,e
1631,e
2852,e
5621,p
5235,p
2557,e
374,e
2683,p
4454,p
4539,p
169,e
3257,e
6179,p
4122,p
6689,p
1183,e
4042,p
7817,e
731,e
7010,p
6417,p
536,e
5602,p
3395,p
7843,e
5769,e
6860,e
4250,p
5488,p
3678,e
7482,p
3963,p
1735,e
4087,e
6890,p
8092,p
7473,p
6712,p
3741,p
1571,e
7989,p
5976,e
527,e
573,e
5712,p
608,e
3443,p
1788,e
4485,p
2411,e
4761,p
3806,p
7141,e
588,e
5953,e
4434,p
265,e
3073,p
5609,p
1167,e
2882,e
3917,p
2748,e
357,p
2544,e
7729,e
1600,e
4626,p
4896,p
1221,e
331,e
2422,e
7648,p
2724,e
7415,e
1017,e
113,e
798,p
730,e
443,e
913,e
3677,e
4027,p
6886,p
166,e
725,p
5598,e
4202,p
6680,p
3700,e
1476,e
3787,p
6923,p
7762,e
7205,e
941,e
5814,e
6016,p
420,e
2456,e
6991,p
7569,p
6925,p
2271,e
4477,p
5889,p
5693,p
3147,p
3564,e
825,e
4497,e
2625,e
2195,e
660,e
6790,p
1079,e
6929,p
2566,p
4015,p
4696,e
6161,p
3296,e
3015,e
6243,p
7149,p
5280,e
3400,p
3281,p
4492,p
4272,p
4153,p
4450,p
3998,e
5200,p
3884,e
3174,p
7469,p
7264,p
4631,p
6550,p
2186,e
6435,p
3828,e
2260,e
4599,p
962,e
4585,p
3160,e
3940,p
4476,p
6663,e
5538,e
4895,p
1725,p
1062,e
5715,e
1232,e
6791,p
3551,e
7936,p
906,p
2022,e
4674,p
2866,e
4341,e
7276,e
1121,e
5486,p
4608,p
5867,p
8051,e
4525,p
4284,p
7979,e
7100,p
8001,e
2501,e
2167,e
6475,p
3900,p
3665,e
2362,e
1210,e
7341,p
3941,p
6172,p
2895,e
4786,p
3225,e
3597,p
3423,e
3964,p
7499,e
5585,p
4603,p
6554,p
4097,p
7827,p
3116,e
3312,e
7195,e
7954,e
741,e
1487,e
4416,p
6716,p
6338,p
5210,e
6779,p
3651,e
5019,p
2648,e
6413,p
5058,p
860,e
2759,e
1774,e
4345,p
4627,p
1430,e
6799,p
3320,e
4166,p
3069,p
2773,e
824,e
2314,e
3893,e
6826,p
7796,p
2163,e
515,e
6241,p
6531,p
4553,p
6844,p
1127,e
206,e
4859,e
5595,p
2158,e
7699,e
542,p
407,e
7875,p
6656,p
6023,p
5626,p
5288,p
5018,p
5117,e
5061,p
5492,e
5164,p
2032,e
8099,e
1409,e
7475,p
2143,e
643,e
3592,e
3575,e
2088,e
4294,p
140,e
5789,p
6237,p
7805,p
5647,p
3036,e
7430,p
7940,e
1059,e
7901,p
6088,p
1305,e
2700,e
2589,e
4156,e
1418,e
4610,p
7914,p
7982,p
2672,e
6155,p
2674,e
204,e
5658,p
3445,e
7784,p
1489,p
6214,e
181,e
2977,e
3272,e
2563,e
6441,p
3241,e
3297,e
4473,p
5614,p
3021,e
3344,e
3510,e
5800,p
3005,e
5923,p
3938,e
6396,e
7888,p
518,e
5549,p
3231,p
4548,p
978,e
6782,p
368,e
7758,p
1599,e
3451,p
7070,p
4824,e
4470,p
4401,p
2331,e
6485,p
4047,e
1088,p
5506,p
2961,e
6755,p
6212,p
6085,p
5657,p
2884,e
4870,p
7227,p
2136,e
483,e
952,e
3558,e
1805,e
695,e
3013,p
1896,e
5183,p
921,e
1923,e
2839,e
2102,e
5533,p
5986,p
6078,p
2030,e
7706,p
4744,p
4594,p
1355,e
4094,p
2306,e
3670,p
896,e
883,e
4904,p
6684,p
7307,p
545,e
7951,p
3614,p
6355,p
7288,p
3961,e
1992,e
818,e
621,e
1998,e
3137,e
7613,p
4719,e
1314,e
5911,p
6629,p
8112,e
214,e
1707,p
7106,p
6486,p
5608,e
7479,e
859,p
7079,e
5319,p
6060,p
1635,e
5163,e
5898,e
847,e
4335,p
1850,e
1170,e
6476,p
6381,p
5259,p
6722,p
4197,e
1905,e
1321,p
1066,e
7949,p
696,e
6671,p
7908,p
2239,e
7900,e
6314,p
6841,p
980,e
6219,e
1988,e
508,e
2853,e
7807,e
6946,p
1169,e
6302,p
2419,e
1363,e
3249,e
3243,p
3842,e
6111,p
7018,p
6193,p
7617,e
3084,e
1648,e
2461,e
1753,e
1046,e
5446,p
4803,p
694,p
649,e
2530,e
2161,e
5072,p
4265,p
3026,p
2451,e
6652,p
977,e
2437,e
7222,e
6831,p
79,e
3860,e
3671,e
1134,e
2934,e
2454,e
7448,p
2662,e
2169,e
5980,e
5295,e
3743,e
2096,e
4455,p
60,e
446,e
254,e
4385,p
3459,e
1041,e
1361,p
7287,p
1657,e
751,e
2335,e
3285,e
4236,p
7892,p
1526,e
7137,p
3719,e
4945,e
4900,p
2580,e
5797,p
889,e
4494,p
4330,p
7197,p
6132,p
4921,p
3180,e
5779,e
1871,e
5113,e
2950,e
3838,e
7483,p
6547,p
1945,p
7659,e
1730,e
5777,e
378,e
7601,p
7523,e
6107,p
1415,e
1831,e
3289,e
7115,p
6552,p
6821,p
14,e
3435,p
6462,p
5801,p
1675,e
5224,p
7084,p
5262,p
5015,e
5301,p
3201,p
3457,p
2965,e
1417,e
6806,p
3560,p
6109,p
7651,e
6240,p
7536,p
4128,p
4940,p
7471,p
2875,e
5736,p
3634,e
5094,p
6920,e
6532,p
31,p
414,p
28,e
3189,e
5082,p
2013,e
7467,e
3867,e
3505,e
5240,p
3164,p
6802,p
7929,e
56,e
5653,e
3957,p
2969,e
6598,p
6855,p
3462,e
4085,p
3006,e
5505,p
4209,p
6817,p
480,e
6521,p
6423,p
4194,p
6655,p
7351,p
6199,p
1575,e
1502,e
7198,p
6516,p
2970,e
1520,e
2503,e
4410,e
6325,p
6670,p
5897,p
7142,p
5649,e
683,e
7029,p
732,p
146,e
1907,e
5251,p
1443,e
1798,p
2786,e
8044,e
3493,e
523,p
2222,e
5044,p
2125,e
7804,p
2100,e
3186,e
6097,p
5900,p
7130,p
7252,p
6919,p
5398,p
4659,p
190,e
1989,p
1292,e
5322,p
5543,p
4889,p
2472,e
6986,p
4758,p
5125,p
4980,p
4650,p
4043,p
2899,e
7140,p
397,e
6613,p
5825,p
5217,p
1687,e
5946,p
6713,p
5636,p
5102,p
6499,p
2548,e
3470,e
152,e
7358,e
5109,e
4237,p
1238,e
3260,e
5750,p
3135,e
3629,e
2287,e
6914,e
2612,e
7184,p
1855,e
1147,e
261,p
6966,p
6081,p
1424,e
6706,p
7980,p
1628,p
5372,p
7124,p
3277,p
4182,p
6382,p
4430,p
474,e
7990,p
6404,p
5794,e
7876,p
5699,p
7635,p
6999,e
4120,p
1194,e
7082,p
7993,e
2460,e
3729,e
2467,e
3169,p
3029,e
3208,p
4924,p
1895,e
3335,e
6474,p
7111,p
3456,e
749,e
7150,p
5032,p
5654,p
6714,p
222,e
1721,e
3328,p
1190,e
5110,p
4314,p
7457,p
7705,e
4959,p
4356,p
6312,p
5597,p
7637,p
339,e
6122,p
5727,e
4225,p
7620,p
6278,p
929,e
1819,e
3047,p
148,e
492,p
5041,p
1256,p
1530,p
1069,e
7837,p
3958,e
2801,e
7418,e
581,e
1018,p
640,e
3290,e
5599,e
3986,p
5687,e
53,p
923,e
524,e
905,e
5309,e
4452,p
4829,p
1936,e
3751,p
1724,e
1463,e
4504,p
7186,p
4662,e
7353,e
4408,p
3903,p
2280,e
4380,e
7743,e
5010,e
1510,e
1841,e
3983,p
3973,e
217,e
3167,e
1949,e
951,e
7061,p
4339,p
5987,p
1320,e
1914,e
1671,e
7262,p
4915,p
1317,e
6575,p
6813,p
6955,p
6113,p
2668,e
7911,e
2132,e
4393,p
6601,p
7209,p
7462,p
5713,p
3453,p
7833,e
2328,e
47,e
7828,e
1513,e
6249,p
4623,p
5137,p
2551,e
4039,e
3340,e
4206,p
2056,e
4065,p
6949,p
5088,p
233,e
816,e
7045,p
1375,p
3971,p
3950,p
1448,e
1290,e
2824,e
5822,p
5115,p
4970,p
5757,e
5494,p
3229,e
4123,p
61,e
5341,p
4189,p
5756,p
7485,p
3002,e
4155,e
1546,p
7388,e
1084,e
2889,e
2663,e
